[{"pk": 1, "model": "app.patron", "fields": {"bio": "Its me.", "github_login": "claytantor", "img": "https://avatars.githubusercontent.com/u/407854", "github_id": null, "github_access_token": "9f035df1caccff1446302fddaf3d11e9dc97fe94", "github_type": "User", "user": 5, "github_avatar_url": "https://avatars.githubusercontent.com/u/407854?", "coinbase_callback_secret": "C1FAZLW6KU", "coinbase_refresh_token": "eae9cdd14c6942c3956ade4f2aec1236313dbffa3f213503ba2874820bac86d9", "coinbase_access_token": "bcf0fddbef9c39e34ff37747391d73f16868b460001d05c8b303ae5e0a24d78a", "name": "Clay Graham"}}, {"pk": 2, "model": "app.patron", "fields": {"bio": "none", "github_login": "clayroots", "img": "", "github_id": null, "github_access_token": "34311c7b91451c798846c3c5e7c2fe0a63a38850", "github_type": "user", "user": 6, "github_avatar_url": "claytantor@gmail.com", "coinbase_callback_secret": "M6RXX9KDFP", "coinbase_refresh_token": "08f9f57ba42c20b70007f741953664669d98f19860e8059936bcfcd1786f8aef", "coinbase_access_token": "dd462af5e391386db9ac791bb2c33124d58fbcf89ee50da56345b0d5317b2c31", "name": "Clay Roots"}}, {"pk": 11, "model": "app.repository", "fields": {"markdown": "A privacy centric social network based on client side public private key encryption.", "name": "grailo", "tagline": "twitter + PGP = grailo", "github_description": "A privacy centric social network based on client side public private key encryption.", "private": false, "owner": 1, "fullname": "claytantor/grailo"}}, {"pk": 12, "model": "app.repository", "fields": {"markdown": "Restful Client for Adility Offers Platform", "name": "adility-rest", "tagline": "Restful Client for Adility Offers Platform", "github_description": "Restful Client for Adility Offers Platform", "private": false, "owner": 1, "fullname": "claytantor/adility-rest"}}, {"pk": 13, "model": "app.repository", "fields": {"markdown": "the geo api project", "name": "geodb", "tagline": "the geo api project", "github_description": "the geo api project", "private": false, "owner": 1, "fullname": "claytantor/geodb"}}, {"pk": 14, "model": "app.repository", "fields": {"markdown": "Talk with a stranger about god.", "name": "godblab", "tagline": "Talk with a stranger about god.", "github_description": "Talk with a stranger about god.", "private": false, "owner": 1, "fullname": "claytantor/godblab"}}, {"pk": 20, "model": "app.repository", "fields": {"markdown": "", "name": "twitter4j", "tagline": "", "github_description": "Twitter4J is an open-sourced, mavenized and Google App Engine safe Java library for the Twitter API which is released under the BSD license.", "private": false, "owner": 1, "fullname": "claytantor/twitter4j"}}, {"pk": 21, "model": "app.repository", "fields": {"markdown": "", "name": "chez", "tagline": "", "github_description": "The open source modular game inspired by chess", "private": false, "owner": 1, "fullname": "claytantor/chez"}}, {"pk": 23, "model": "app.repository", "fields": {"markdown": "", "name": "patrontest1", "tagline": "", "github_description": "This is to test the ability to monetize a repo with gitpatron.", "private": false, "owner": 2, "fullname": "clayroots/patrontest1"}}, {"pk": 24, "model": "app.repository", "fields": {"markdown": "", "name": "gitpatron", "tagline": "", "github_description": "the gitpatron project", "private": false, "owner": 1, "fullname": "claytantor/gitpatron"}}, {"pk": 21, "model": "app.issue", "fields": {"github_id": 8657138, "github_issue_no": 4, "title": "Message length check", "json_body": "{\"body\": \"Messages have a 250 char max, a check script should track characters and limit\", \"labels\": [{\"url\": \"https://api.github.com/repos/claytantor/grailo/labels/enhancement\", \"color\": \"84b6eb\", \"name\": \"enhancement\"}], \"title\": \"Message length check\", \"url\": \"https://api.github.com/repos/claytantor/grailo/issues/4\", \"labels_url\": \"https://api.github.com/repos/claytantor/grailo/issues/4/labels{/name}\", \"created_at\": \"2012-11-25T21:57:56Z\", \"events_url\": \"https://api.github.com/repos/claytantor/grailo/issues/4/events\", \"comments_url\": \"https://api.github.com/repos/claytantor/grailo/issues/4/comments\", \"html_url\": \"https://github.com/claytantor/grailo/issues/4\", \"comments\": 0, \"number\": 4, \"updated_at\": \"2012-11-25T21:58:07Z\", \"assignee\": null, \"state\": \"open\", \"user\": {\"following_url\": \"https://api.github.com/users/claytantor/following{/other_user}\", \"events_url\": \"https://api.github.com/users/claytantor/events{/privacy}\", \"organizations_url\": \"https://api.github.com/users/claytantor/orgs\", \"url\": \"https://api.github.com/users/claytantor\", \"gists_url\": \"https://api.github.com/users/claytantor/gists{/gist_id}\", \"html_url\": \"https://github.com/claytantor\", \"subscriptions_url\": \"https://api.github.com/users/claytantor/subscriptions\", \"avatar_url\": \"https://avatars.githubusercontent.com/u/407854?\", \"repos_url\": \"https://api.github.com/users/claytantor/repos\", \"received_events_url\": \"https://api.github.com/users/claytantor/received_events\", \"gravatar_id\": \"c88d7ef134a9779657d7d63257b5f725\", \"starred_url\": \"https://api.github.com/users/claytantor/starred{/owner}{/repo}\", \"site_admin\": false, \"login\": \"claytantor\", \"type\": \"User\", \"id\": 407854, \"followers_url\": \"https://api.github.com/users/claytantor/followers\"}, \"milestone\": null, \"closed_at\": null, \"id\": 8657138}", "repository": 11, "github_html_url": "https://github.com/claytantor/grailo/issues/4", "github_api_url": "https://api.github.com/repos/claytantor/grailo/issues/4", "description": "Messages have a 250 char max, a check script should track characters and limit"}}, {"pk": 22, "model": "app.issue", "fields": {"github_id": 8656458, "github_issue_no": 1, "title": "Async all client side decryption.", "json_body": "{\"body\": \"Its pretty slow right now, and the user can feel the lag. There needs to be some status image that shows that its working.\", \"labels\": [{\"url\": \"https://api.github.com/repos/claytantor/grailo/labels/enhancement\", \"color\": \"84b6eb\", \"name\": \"enhancement\"}], \"title\": \"Async all client side decryption.\", \"url\": \"https://api.github.com/repos/claytantor/grailo/issues/1\", \"labels_url\": \"https://api.github.com/repos/claytantor/grailo/issues/1/labels{/name}\", \"created_at\": \"2012-11-25T21:14:26Z\", \"events_url\": \"https://api.github.com/repos/claytantor/grailo/issues/1/events\", \"comments_url\": \"https://api.github.com/repos/claytantor/grailo/issues/1/comments\", \"html_url\": \"https://github.com/claytantor/grailo/issues/1\", \"comments\": 0, \"number\": 1, \"updated_at\": \"2012-11-25T21:14:26Z\", \"assignee\": null, \"state\": \"open\", \"user\": {\"following_url\": \"https://api.github.com/users/claytantor/following{/other_user}\", \"events_url\": \"https://api.github.com/users/claytantor/events{/privacy}\", \"organizations_url\": \"https://api.github.com/users/claytantor/orgs\", \"url\": \"https://api.github.com/users/claytantor\", \"gists_url\": \"https://api.github.com/users/claytantor/gists{/gist_id}\", \"html_url\": \"https://github.com/claytantor\", \"subscriptions_url\": \"https://api.github.com/users/claytantor/subscriptions\", \"avatar_url\": \"https://avatars.githubusercontent.com/u/407854?\", \"repos_url\": \"https://api.github.com/users/claytantor/repos\", \"received_events_url\": \"https://api.github.com/users/claytantor/received_events\", \"gravatar_id\": \"c88d7ef134a9779657d7d63257b5f725\", \"starred_url\": \"https://api.github.com/users/claytantor/starred{/owner}{/repo}\", \"site_admin\": false, \"login\": \"claytantor\", \"type\": \"User\", \"id\": 407854, \"followers_url\": \"https://api.github.com/users/claytantor/followers\"}, \"milestone\": null, \"closed_at\": null, \"id\": 8656458}", "repository": 11, "github_html_url": "https://github.com/claytantor/grailo/issues/1", "github_api_url": "https://api.github.com/repos/claytantor/grailo/issues/1", "description": "Its pretty slow right now, and the user can feel the lag. There needs to be some status image that shows that its working."}}, {"pk": 23, "model": "app.issue", "fields": {"github_id": 32325428, "github_issue_no": 6, "title": "Enable responsive templates", "json_body": "{\"body\": \"It really would be best if we could enable responsive templates.\", \"labels\": [], \"title\": \"Enable responsive templates\", \"url\": \"https://api.github.com/repos/claytantor/grailo/issues/6\", \"labels_url\": \"https://api.github.com/repos/claytantor/grailo/issues/6/labels{/name}\", \"created_at\": \"2014-04-28T01:06:10Z\", \"events_url\": \"https://api.github.com/repos/claytantor/grailo/issues/6/events\", \"comments_url\": \"https://api.github.com/repos/claytantor/grailo/issues/6/comments\", \"html_url\": \"https://github.com/claytantor/grailo/issues/6\", \"comments\": 0, \"number\": 6, \"updated_at\": \"2014-04-28T01:06:10Z\", \"assignee\": null, \"state\": \"open\", \"user\": {\"following_url\": \"https://api.github.com/users/claytantor/following{/other_user}\", \"events_url\": \"https://api.github.com/users/claytantor/events{/privacy}\", \"organizations_url\": \"https://api.github.com/users/claytantor/orgs\", \"url\": \"https://api.github.com/users/claytantor\", \"gists_url\": \"https://api.github.com/users/claytantor/gists{/gist_id}\", \"html_url\": \"https://github.com/claytantor\", \"subscriptions_url\": \"https://api.github.com/users/claytantor/subscriptions\", \"avatar_url\": \"https://avatars.githubusercontent.com/u/407854?\", \"repos_url\": \"https://api.github.com/users/claytantor/repos\", \"received_events_url\": \"https://api.github.com/users/claytantor/received_events\", \"gravatar_id\": \"c88d7ef134a9779657d7d63257b5f725\", \"starred_url\": \"https://api.github.com/users/claytantor/starred{/owner}{/repo}\", \"site_admin\": false, \"login\": \"claytantor\", \"type\": \"User\", \"id\": 407854, \"followers_url\": \"https://api.github.com/users/claytantor/followers\"}, \"milestone\": null, \"closed_at\": null, \"id\": 32325428}", "repository": 11, "github_html_url": "https://github.com/claytantor/grailo/issues/6", "github_api_url": "https://api.github.com/repos/claytantor/grailo/issues/6", "description": "It really would be best if we could enable responsive templates."}}, {"pk": 24, "model": "app.issue", "fields": {"github_id": 34044935, "github_issue_no": 7, "title": "Android Mobile Version", "json_body": "{\"body\": \"We really need a mobile client for Android.\", \"labels\": [], \"title\": \"Android Mobile Version\", \"url\": \"https://api.github.com/repos/claytantor/grailo/issues/7\", \"labels_url\": \"https://api.github.com/repos/claytantor/grailo/issues/7/labels{/name}\", \"created_at\": \"2014-05-22T01:45:58Z\", \"events_url\": \"https://api.github.com/repos/claytantor/grailo/issues/7/events\", \"comments_url\": \"https://api.github.com/repos/claytantor/grailo/issues/7/comments\", \"html_url\": \"https://github.com/claytantor/grailo/issues/7\", \"comments\": 0, \"number\": 7, \"updated_at\": \"2014-05-22T01:45:58Z\", \"assignee\": null, \"state\": \"open\", \"user\": {\"following_url\": \"https://api.github.com/users/claytantor/following{/other_user}\", \"events_url\": \"https://api.github.com/users/claytantor/events{/privacy}\", \"organizations_url\": \"https://api.github.com/users/claytantor/orgs\", \"url\": \"https://api.github.com/users/claytantor\", \"gists_url\": \"https://api.github.com/users/claytantor/gists{/gist_id}\", \"html_url\": \"https://github.com/claytantor\", \"subscriptions_url\": \"https://api.github.com/users/claytantor/subscriptions\", \"avatar_url\": \"https://avatars.githubusercontent.com/u/407854?\", \"repos_url\": \"https://api.github.com/users/claytantor/repos\", \"received_events_url\": \"https://api.github.com/users/claytantor/received_events\", \"gravatar_id\": \"c88d7ef134a9779657d7d63257b5f725\", \"starred_url\": \"https://api.github.com/users/claytantor/starred{/owner}{/repo}\", \"site_admin\": false, \"login\": \"claytantor\", \"type\": \"User\", \"id\": 407854, \"followers_url\": \"https://api.github.com/users/claytantor/followers\"}, \"milestone\": null, \"closed_at\": null, \"id\": 34044935}", "repository": 11, "github_html_url": "https://github.com/claytantor/grailo/issues/7", "github_api_url": "https://api.github.com/repos/claytantor/grailo/issues/7", "description": ""}}, {"pk": 25, "model": "app.issue", "fields": {"github_id": 34144611, "github_issue_no": 1, "title": "Improve readme", "json_body": "{\"body\": \"The readme needs some work!\", \"labels\": [], \"title\": \"Improve readme\", \"url\": \"https://api.github.com/repos/clayroots/patrontest1/issues/1\", \"labels_url\": \"https://api.github.com/repos/clayroots/patrontest1/issues/1/labels{/name}\", \"created_at\": \"2014-05-23T04:34:25Z\", \"events_url\": \"https://api.github.com/repos/clayroots/patrontest1/issues/1/events\", \"comments_url\": \"https://api.github.com/repos/clayroots/patrontest1/issues/1/comments\", \"html_url\": \"https://github.com/clayroots/patrontest1/issues/1\", \"comments\": 0, \"number\": 1, \"updated_at\": \"2014-05-23T04:34:25Z\", \"assignee\": null, \"state\": \"open\", \"user\": {\"following_url\": \"https://api.github.com/users/clayroots/following{/other_user}\", \"events_url\": \"https://api.github.com/users/clayroots/events{/privacy}\", \"organizations_url\": \"https://api.github.com/users/clayroots/orgs\", \"url\": \"https://api.github.com/users/clayroots\", \"gists_url\": \"https://api.github.com/users/clayroots/gists{/gist_id}\", \"html_url\": \"https://github.com/clayroots\", \"subscriptions_url\": \"https://api.github.com/users/clayroots/subscriptions\", \"avatar_url\": \"https://avatars.githubusercontent.com/u/7674678?\", \"repos_url\": \"https://api.github.com/users/clayroots/repos\", \"received_events_url\": \"https://api.github.com/users/clayroots/received_events\", \"gravatar_id\": \"4e51863c1a13cea85be3aa7d94dd7349\", \"starred_url\": \"https://api.github.com/users/clayroots/starred{/owner}{/repo}\", \"site_admin\": false, \"login\": \"clayroots\", \"type\": \"User\", \"id\": 7674678, \"followers_url\": \"https://api.github.com/users/clayroots/followers\"}, \"milestone\": null, \"closed_at\": null, \"id\": 34144611}", "repository": 23, "github_html_url": "https://github.com/clayroots/patrontest1/issues/1", "github_api_url": "https://api.github.com/repos/clayroots/patrontest1/issues/1", "description": ""}}, {"pk": 26, "model": "app.issue", "fields": {"github_id": 34144749, "github_issue_no": 2, "title": "Actually write some code", "json_body": "{\"body\": \"You wanna change the world? Start coding.\", \"labels\": [], \"title\": \"Actually write some code\", \"url\": \"https://api.github.com/repos/clayroots/patrontest1/issues/2\", \"labels_url\": \"https://api.github.com/repos/clayroots/patrontest1/issues/2/labels{/name}\", \"created_at\": \"2014-05-23T04:38:12Z\", \"events_url\": \"https://api.github.com/repos/clayroots/patrontest1/issues/2/events\", \"comments_url\": \"https://api.github.com/repos/clayroots/patrontest1/issues/2/comments\", \"html_url\": \"https://github.com/clayroots/patrontest1/issues/2\", \"comments\": 0, \"number\": 2, \"updated_at\": \"2014-05-23T04:38:12Z\", \"assignee\": null, \"state\": \"open\", \"user\": {\"following_url\": \"https://api.github.com/users/clayroots/following{/other_user}\", \"events_url\": \"https://api.github.com/users/clayroots/events{/privacy}\", \"organizations_url\": \"https://api.github.com/users/clayroots/orgs\", \"url\": \"https://api.github.com/users/clayroots\", \"gists_url\": \"https://api.github.com/users/clayroots/gists{/gist_id}\", \"html_url\": \"https://github.com/clayroots\", \"subscriptions_url\": \"https://api.github.com/users/clayroots/subscriptions\", \"avatar_url\": \"https://avatars.githubusercontent.com/u/7674678?\", \"repos_url\": \"https://api.github.com/users/clayroots/repos\", \"received_events_url\": \"https://api.github.com/users/clayroots/received_events\", \"gravatar_id\": \"4e51863c1a13cea85be3aa7d94dd7349\", \"starred_url\": \"https://api.github.com/users/clayroots/starred{/owner}{/repo}\", \"site_admin\": false, \"login\": \"clayroots\", \"type\": \"User\", \"id\": 7674678, \"followers_url\": \"https://api.github.com/users/clayroots/followers\"}, \"milestone\": null, \"closed_at\": null, \"id\": 34144749}", "repository": 23, "github_html_url": "https://github.com/clayroots/patrontest1/issues/2", "github_api_url": "https://api.github.com/repos/clayroots/patrontest1/issues/2", "description": ""}}, {"pk": 27, "model": "app.issue", "fields": {"github_id": 34747775, "github_issue_no": 9, "title": "D3 Charting for Patronage and Fixes", "json_body": "{\"body\": \"http://bl.ocks.org/mbostock/3883245\\r\\n\\r\\nUse d3 to create charting over time for both patronage and fixes at the repo level. Take all the order events and create a time series of donations over all time.\", \"labels\": [{\"url\": \"https://api.github.com/repos/claytantor/gitpatron/labels/enhancement\", \"color\": \"84b6eb\", \"name\": \"enhancement\"}], \"title\": \"D3 Charting for Patronage and Fixes\", \"url\": \"https://api.github.com/repos/claytantor/gitpatron/issues/9\", \"labels_url\": \"https://api.github.com/repos/claytantor/gitpatron/issues/9/labels{/name}\", \"created_at\": \"2014-06-02T06:00:59Z\", \"events_url\": \"https://api.github.com/repos/claytantor/gitpatron/issues/9/events\", \"comments_url\": \"https://api.github.com/repos/claytantor/gitpatron/issues/9/comments\", \"html_url\": \"https://github.com/claytantor/gitpatron/issues/9\", \"comments\": 0, \"number\": 9, \"updated_at\": \"2014-06-02T06:01:36Z\", \"assignee\": {\"following_url\": \"https://api.github.com/users/claytantor/following{/other_user}\", \"events_url\": \"https://api.github.com/users/claytantor/events{/privacy}\", \"organizations_url\": \"https://api.github.com/users/claytantor/orgs\", \"url\": \"https://api.github.com/users/claytantor\", \"gists_url\": \"https://api.github.com/users/claytantor/gists{/gist_id}\", \"html_url\": \"https://github.com/claytantor\", \"subscriptions_url\": \"https://api.github.com/users/claytantor/subscriptions\", \"avatar_url\": \"https://avatars.githubusercontent.com/u/407854?\", \"repos_url\": \"https://api.github.com/users/claytantor/repos\", \"received_events_url\": \"https://api.github.com/users/claytantor/received_events\", \"gravatar_id\": \"c88d7ef134a9779657d7d63257b5f725\", \"starred_url\": \"https://api.github.com/users/claytantor/starred{/owner}{/repo}\", \"site_admin\": false, \"login\": \"claytantor\", \"type\": \"User\", \"id\": 407854, \"followers_url\": \"https://api.github.com/users/claytantor/followers\"}, \"state\": \"open\", \"user\": {\"following_url\": \"https://api.github.com/users/claytantor/following{/other_user}\", \"events_url\": \"https://api.github.com/users/claytantor/events{/privacy}\", \"organizations_url\": \"https://api.github.com/users/claytantor/orgs\", \"url\": \"https://api.github.com/users/claytantor\", \"gists_url\": \"https://api.github.com/users/claytantor/gists{/gist_id}\", \"html_url\": \"https://github.com/claytantor\", \"subscriptions_url\": \"https://api.github.com/users/claytantor/subscriptions\", \"avatar_url\": \"https://avatars.githubusercontent.com/u/407854?\", \"repos_url\": \"https://api.github.com/users/claytantor/repos\", \"received_events_url\": \"https://api.github.com/users/claytantor/received_events\", \"gravatar_id\": \"c88d7ef134a9779657d7d63257b5f725\", \"starred_url\": \"https://api.github.com/users/claytantor/starred{/owner}{/repo}\", \"site_admin\": false, \"login\": \"claytantor\", \"type\": \"User\", \"id\": 407854, \"followers_url\": \"https://api.github.com/users/claytantor/followers\"}, \"milestone\": {\"description\": null, \"title\": \"alpha\", \"url\": \"https://api.github.com/repos/claytantor/gitpatron/milestones/1\", \"labels_url\": \"https://api.github.com/repos/claytantor/gitpatron/milestones/1/labels\", \"created_at\": \"2014-05-26T21:46:18Z\", \"creator\": {\"following_url\": \"https://api.github.com/users/claytantor/following{/other_user}\", \"events_url\": \"https://api.github.com/users/claytantor/events{/privacy}\", \"organizations_url\": \"https://api.github.com/users/claytantor/orgs\", \"url\": \"https://api.github.com/users/claytantor\", \"gists_url\": \"https://api.github.com/users/claytantor/gists{/gist_id}\", \"html_url\": \"https://github.com/claytantor\", \"subscriptions_url\": \"https://api.github.com/users/claytantor/subscriptions\", \"avatar_url\": \"https://avatars.githubusercontent.com/u/407854?\", \"repos_url\": \"https://api.github.com/users/claytantor/repos\", \"received_events_url\": \"https://api.github.com/users/claytantor/received_events\", \"gravatar_id\": \"c88d7ef134a9779657d7d63257b5f725\", \"starred_url\": \"https://api.github.com/users/claytantor/starred{/owner}{/repo}\", \"site_admin\": false, \"login\": \"claytantor\", \"type\": \"User\", \"id\": 407854, \"followers_url\": \"https://api.github.com/users/claytantor/followers\"}, \"number\": 1, \"updated_at\": \"2014-06-02T06:05:19Z\", \"due_on\": null, \"state\": \"open\", \"closed_issues\": 1, \"open_issues\": 7, \"id\": 671251}, \"closed_at\": null, \"id\": 34747775}", "repository": 24, "github_html_url": "https://github.com/claytantor/gitpatron/issues/9", "github_api_url": "https://api.github.com/repos/claytantor/gitpatron/issues/9", "description": "http://bl.ocks.org/mbostock/3883245\r\n\r\nUse d3 to create charting over time for both patronage and fixes at the repo level. Take all the order events and create a time series of donations over all time."}}, {"pk": 28, "model": "app.issue", "fields": {"github_id": 34747377, "github_issue_no": 8, "title": "Use gitpatron_repo.md for Repo description.", "json_body": "{\"body\": \"When a repo owner publishes a repo, if a gitpatron_repo.md exists it should take the content of that file and use it for the repo markdown. This file should always be updated with \\\"sync issues\\\"\", \"labels\": [{\"url\": \"https://api.github.com/repos/claytantor/gitpatron/labels/enhancement\", \"color\": \"84b6eb\", \"name\": \"enhancement\"}], \"title\": \"Use gitpatron_repo.md for Repo description.\", \"url\": \"https://api.github.com/repos/claytantor/gitpatron/issues/8\", \"labels_url\": \"https://api.github.com/repos/claytantor/gitpatron/issues/8/labels{/name}\", \"created_at\": \"2014-06-02T05:45:03Z\", \"events_url\": \"https://api.github.com/repos/claytantor/gitpatron/issues/8/events\", \"comments_url\": \"https://api.github.com/repos/claytantor/gitpatron/issues/8/comments\", \"html_url\": \"https://github.com/claytantor/gitpatron/issues/8\", \"comments\": 0, \"number\": 8, \"updated_at\": \"2014-06-02T05:45:20Z\", \"assignee\": {\"following_url\": \"https://api.github.com/users/claytantor/following{/other_user}\", \"events_url\": \"https://api.github.com/users/claytantor/events{/privacy}\", \"organizations_url\": \"https://api.github.com/users/claytantor/orgs\", \"url\": \"https://api.github.com/users/claytantor\", \"gists_url\": \"https://api.github.com/users/claytantor/gists{/gist_id}\", \"html_url\": \"https://github.com/claytantor\", \"subscriptions_url\": \"https://api.github.com/users/claytantor/subscriptions\", \"avatar_url\": \"https://avatars.githubusercontent.com/u/407854?\", \"repos_url\": \"https://api.github.com/users/claytantor/repos\", \"received_events_url\": \"https://api.github.com/users/claytantor/received_events\", \"gravatar_id\": \"c88d7ef134a9779657d7d63257b5f725\", \"starred_url\": \"https://api.github.com/users/claytantor/starred{/owner}{/repo}\", \"site_admin\": false, \"login\": \"claytantor\", \"type\": \"User\", \"id\": 407854, \"followers_url\": \"https://api.github.com/users/claytantor/followers\"}, \"state\": \"open\", \"user\": {\"following_url\": \"https://api.github.com/users/claytantor/following{/other_user}\", \"events_url\": \"https://api.github.com/users/claytantor/events{/privacy}\", \"organizations_url\": \"https://api.github.com/users/claytantor/orgs\", \"url\": \"https://api.github.com/users/claytantor\", \"gists_url\": \"https://api.github.com/users/claytantor/gists{/gist_id}\", \"html_url\": \"https://github.com/claytantor\", \"subscriptions_url\": \"https://api.github.com/users/claytantor/subscriptions\", \"avatar_url\": \"https://avatars.githubusercontent.com/u/407854?\", \"repos_url\": \"https://api.github.com/users/claytantor/repos\", \"received_events_url\": \"https://api.github.com/users/claytantor/received_events\", \"gravatar_id\": \"c88d7ef134a9779657d7d63257b5f725\", \"starred_url\": \"https://api.github.com/users/claytantor/starred{/owner}{/repo}\", \"site_admin\": false, \"login\": \"claytantor\", \"type\": \"User\", \"id\": 407854, \"followers_url\": \"https://api.github.com/users/claytantor/followers\"}, \"milestone\": {\"description\": null, \"title\": \"alpha\", \"url\": \"https://api.github.com/repos/claytantor/gitpatron/milestones/1\", \"labels_url\": \"https://api.github.com/repos/claytantor/gitpatron/milestones/1/labels\", \"created_at\": \"2014-05-26T21:46:18Z\", \"creator\": {\"following_url\": \"https://api.github.com/users/claytantor/following{/other_user}\", \"events_url\": \"https://api.github.com/users/claytantor/events{/privacy}\", \"organizations_url\": \"https://api.github.com/users/claytantor/orgs\", \"url\": \"https://api.github.com/users/claytantor\", \"gists_url\": \"https://api.github.com/users/claytantor/gists{/gist_id}\", \"html_url\": \"https://github.com/claytantor\", \"subscriptions_url\": \"https://api.github.com/users/claytantor/subscriptions\", \"avatar_url\": \"https://avatars.githubusercontent.com/u/407854?\", \"repos_url\": \"https://api.github.com/users/claytantor/repos\", \"received_events_url\": \"https://api.github.com/users/claytantor/received_events\", \"gravatar_id\": \"c88d7ef134a9779657d7d63257b5f725\", \"starred_url\": \"https://api.github.com/users/claytantor/starred{/owner}{/repo}\", \"site_admin\": false, \"login\": \"claytantor\", \"type\": \"User\", \"id\": 407854, \"followers_url\": \"https://api.github.com/users/claytantor/followers\"}, \"number\": 1, \"updated_at\": \"2014-06-02T06:05:19Z\", \"due_on\": null, \"state\": \"open\", \"closed_issues\": 1, \"open_issues\": 7, \"id\": 671251}, \"closed_at\": null, \"id\": 34747377}", "repository": 24, "github_html_url": "https://github.com/claytantor/gitpatron/issues/8", "github_api_url": "https://api.github.com/repos/claytantor/gitpatron/issues/8", "description": "When a repo owner publishes a repo, if a gitpatron_repo.md exists it should take the content of that file and use it for the repo markdown. This file should always be updated with \"sync issues\""}}, {"pk": 29, "model": "app.issue", "fields": {"github_id": 34747279, "github_issue_no": 7, "title": "Create activity feed: Callbacks, Orders, Patronage, Fixes", "json_body": "{\"body\": \"Create an activity feed that takes all the Callbacks, Orders, Patronage, Fixes and makes a feed that can be used to take action. Each feed item should have one, simple action associated.\", \"labels\": [], \"title\": \"Create activity feed: Callbacks, Orders, Patronage, Fixes\", \"url\": \"https://api.github.com/repos/claytantor/gitpatron/issues/7\", \"labels_url\": \"https://api.github.com/repos/claytantor/gitpatron/issues/7/labels{/name}\", \"created_at\": \"2014-06-02T05:41:41Z\", \"events_url\": \"https://api.github.com/repos/claytantor/gitpatron/issues/7/events\", \"comments_url\": \"https://api.github.com/repos/claytantor/gitpatron/issues/7/comments\", \"html_url\": \"https://github.com/claytantor/gitpatron/issues/7\", \"comments\": 0, \"number\": 7, \"updated_at\": \"2014-06-02T05:41:41Z\", \"assignee\": {\"following_url\": \"https://api.github.com/users/claytantor/following{/other_user}\", \"events_url\": \"https://api.github.com/users/claytantor/events{/privacy}\", \"organizations_url\": \"https://api.github.com/users/claytantor/orgs\", \"url\": \"https://api.github.com/users/claytantor\", \"gists_url\": \"https://api.github.com/users/claytantor/gists{/gist_id}\", \"html_url\": \"https://github.com/claytantor\", \"subscriptions_url\": \"https://api.github.com/users/claytantor/subscriptions\", \"avatar_url\": \"https://avatars.githubusercontent.com/u/407854?\", \"repos_url\": \"https://api.github.com/users/claytantor/repos\", \"received_events_url\": \"https://api.github.com/users/claytantor/received_events\", \"gravatar_id\": \"c88d7ef134a9779657d7d63257b5f725\", \"starred_url\": \"https://api.github.com/users/claytantor/starred{/owner}{/repo}\", \"site_admin\": false, \"login\": \"claytantor\", \"type\": \"User\", \"id\": 407854, \"followers_url\": \"https://api.github.com/users/claytantor/followers\"}, \"state\": \"open\", \"user\": {\"following_url\": \"https://api.github.com/users/claytantor/following{/other_user}\", \"events_url\": \"https://api.github.com/users/claytantor/events{/privacy}\", \"organizations_url\": \"https://api.github.com/users/claytantor/orgs\", \"url\": \"https://api.github.com/users/claytantor\", \"gists_url\": \"https://api.github.com/users/claytantor/gists{/gist_id}\", \"html_url\": \"https://github.com/claytantor\", \"subscriptions_url\": \"https://api.github.com/users/claytantor/subscriptions\", \"avatar_url\": \"https://avatars.githubusercontent.com/u/407854?\", \"repos_url\": \"https://api.github.com/users/claytantor/repos\", \"received_events_url\": \"https://api.github.com/users/claytantor/received_events\", \"gravatar_id\": \"c88d7ef134a9779657d7d63257b5f725\", \"starred_url\": \"https://api.github.com/users/claytantor/starred{/owner}{/repo}\", \"site_admin\": false, \"login\": \"claytantor\", \"type\": \"User\", \"id\": 407854, \"followers_url\": \"https://api.github.com/users/claytantor/followers\"}, \"milestone\": {\"description\": null, \"title\": \"alpha\", \"url\": \"https://api.github.com/repos/claytantor/gitpatron/milestones/1\", \"labels_url\": \"https://api.github.com/repos/claytantor/gitpatron/milestones/1/labels\", \"created_at\": \"2014-05-26T21:46:18Z\", \"creator\": {\"following_url\": \"https://api.github.com/users/claytantor/following{/other_user}\", \"events_url\": \"https://api.github.com/users/claytantor/events{/privacy}\", \"organizations_url\": \"https://api.github.com/users/claytantor/orgs\", \"url\": \"https://api.github.com/users/claytantor\", \"gists_url\": \"https://api.github.com/users/claytantor/gists{/gist_id}\", \"html_url\": \"https://github.com/claytantor\", \"subscriptions_url\": \"https://api.github.com/users/claytantor/subscriptions\", \"avatar_url\": \"https://avatars.githubusercontent.com/u/407854?\", \"repos_url\": \"https://api.github.com/users/claytantor/repos\", \"received_events_url\": \"https://api.github.com/users/claytantor/received_events\", \"gravatar_id\": \"c88d7ef134a9779657d7d63257b5f725\", \"starred_url\": \"https://api.github.com/users/claytantor/starred{/owner}{/repo}\", \"site_admin\": false, \"login\": \"claytantor\", \"type\": \"User\", \"id\": 407854, \"followers_url\": \"https://api.github.com/users/claytantor/followers\"}, \"number\": 1, \"updated_at\": \"2014-06-02T06:05:19Z\", \"due_on\": null, \"state\": \"open\", \"closed_issues\": 1, \"open_issues\": 7, \"id\": 671251}, \"closed_at\": null, \"id\": 34747279}", "repository": 24, "github_html_url": "https://github.com/claytantor/gitpatron/issues/7", "github_api_url": "https://api.github.com/repos/claytantor/gitpatron/issues/7", "description": "Create an activity feed that takes all the Callbacks, Orders, Patronage, Fixes and makes a feed that can be used to take action. Each feed item should have one, simple action associated."}}, {"pk": 30, "model": "app.issue", "fields": {"github_id": 34747132, "github_issue_no": 6, "title": "Limit scope to button creation", "json_body": "{\"body\": \"The Oauth2 API doens't really need to be authorized to do \\\"everything\\\" limit the scope to only creating buttons.\\r\\n\\r\\nhttps://coinbase.com/docs/api/permissions\", \"labels\": [{\"url\": \"https://api.github.com/repos/claytantor/gitpatron/labels/enhancement\", \"color\": \"84b6eb\", \"name\": \"enhancement\"}], \"title\": \"Limit scope to button creation\", \"url\": \"https://api.github.com/repos/claytantor/gitpatron/issues/6\", \"labels_url\": \"https://api.github.com/repos/claytantor/gitpatron/issues/6/labels{/name}\", \"created_at\": \"2014-06-02T05:37:15Z\", \"events_url\": \"https://api.github.com/repos/claytantor/gitpatron/issues/6/events\", \"comments_url\": \"https://api.github.com/repos/claytantor/gitpatron/issues/6/comments\", \"html_url\": \"https://github.com/claytantor/gitpatron/issues/6\", \"comments\": 0, \"number\": 6, \"updated_at\": \"2014-06-02T05:38:43Z\", \"assignee\": {\"following_url\": \"https://api.github.com/users/claytantor/following{/other_user}\", \"events_url\": \"https://api.github.com/users/claytantor/events{/privacy}\", \"organizations_url\": \"https://api.github.com/users/claytantor/orgs\", \"url\": \"https://api.github.com/users/claytantor\", \"gists_url\": \"https://api.github.com/users/claytantor/gists{/gist_id}\", \"html_url\": \"https://github.com/claytantor\", \"subscriptions_url\": \"https://api.github.com/users/claytantor/subscriptions\", \"avatar_url\": \"https://avatars.githubusercontent.com/u/407854?\", \"repos_url\": \"https://api.github.com/users/claytantor/repos\", \"received_events_url\": \"https://api.github.com/users/claytantor/received_events\", \"gravatar_id\": \"c88d7ef134a9779657d7d63257b5f725\", \"starred_url\": \"https://api.github.com/users/claytantor/starred{/owner}{/repo}\", \"site_admin\": false, \"login\": \"claytantor\", \"type\": \"User\", \"id\": 407854, \"followers_url\": \"https://api.github.com/users/claytantor/followers\"}, \"state\": \"open\", \"user\": {\"following_url\": \"https://api.github.com/users/claytantor/following{/other_user}\", \"events_url\": \"https://api.github.com/users/claytantor/events{/privacy}\", \"organizations_url\": \"https://api.github.com/users/claytantor/orgs\", \"url\": \"https://api.github.com/users/claytantor\", \"gists_url\": \"https://api.github.com/users/claytantor/gists{/gist_id}\", \"html_url\": \"https://github.com/claytantor\", \"subscriptions_url\": \"https://api.github.com/users/claytantor/subscriptions\", \"avatar_url\": \"https://avatars.githubusercontent.com/u/407854?\", \"repos_url\": \"https://api.github.com/users/claytantor/repos\", \"received_events_url\": \"https://api.github.com/users/claytantor/received_events\", \"gravatar_id\": \"c88d7ef134a9779657d7d63257b5f725\", \"starred_url\": \"https://api.github.com/users/claytantor/starred{/owner}{/repo}\", \"site_admin\": false, \"login\": \"claytantor\", \"type\": \"User\", \"id\": 407854, \"followers_url\": \"https://api.github.com/users/claytantor/followers\"}, \"milestone\": {\"description\": null, \"title\": \"alpha\", \"url\": \"https://api.github.com/repos/claytantor/gitpatron/milestones/1\", \"labels_url\": \"https://api.github.com/repos/claytantor/gitpatron/milestones/1/labels\", \"created_at\": \"2014-05-26T21:46:18Z\", \"creator\": {\"following_url\": \"https://api.github.com/users/claytantor/following{/other_user}\", \"events_url\": \"https://api.github.com/users/claytantor/events{/privacy}\", \"organizations_url\": \"https://api.github.com/users/claytantor/orgs\", \"url\": \"https://api.github.com/users/claytantor\", \"gists_url\": \"https://api.github.com/users/claytantor/gists{/gist_id}\", \"html_url\": \"https://github.com/claytantor\", \"subscriptions_url\": \"https://api.github.com/users/claytantor/subscriptions\", \"avatar_url\": \"https://avatars.githubusercontent.com/u/407854?\", \"repos_url\": \"https://api.github.com/users/claytantor/repos\", \"received_events_url\": \"https://api.github.com/users/claytantor/received_events\", \"gravatar_id\": \"c88d7ef134a9779657d7d63257b5f725\", \"starred_url\": \"https://api.github.com/users/claytantor/starred{/owner}{/repo}\", \"site_admin\": false, \"login\": \"claytantor\", \"type\": \"User\", \"id\": 407854, \"followers_url\": \"https://api.github.com/users/claytantor/followers\"}, \"number\": 1, \"updated_at\": \"2014-06-02T06:05:19Z\", \"due_on\": null, \"state\": \"open\", \"closed_issues\": 1, \"open_issues\": 7, \"id\": 671251}, \"closed_at\": null, \"id\": 34747132}", "repository": 24, "github_html_url": "https://github.com/claytantor/gitpatron/issues/6", "github_api_url": "https://api.github.com/repos/claytantor/gitpatron/issues/6", "description": "The Oauth2 API doens't really need to be authorized to do \"everything\" limit the scope to only creating buttons.\r\n\r\nhttps://coinbase.com/docs/api/permissions"}}, {"pk": 31, "model": "app.issue", "fields": {"github_id": 34746819, "github_issue_no": 5, "title": "make auto callback url for buttons", "json_body": "{\"body\": \"https://coinbase.com/docs/merchant_tools/payment_buttons\\r\\n\\r\\nhttps://coinbase.com/api/doc/1.0/buttons/create.html\\r\\n\\r\\nbutton[callback_url] \\r\\noptional\\t\\r\\nA custom callback URL specific to this button. It will receive the same information that would otherwise be sent to your Instant Payment Notification URL. If you have an Instant Payment Notification URL set on your account, this will be called instead \\u2014 they will not both be called.\\r\\n\\r\\nValue: Must be String\", \"labels\": [{\"url\": \"https://api.github.com/repos/claytantor/gitpatron/labels/enhancement\", \"color\": \"84b6eb\", \"name\": \"enhancement\"}], \"title\": \"make auto callback url for buttons\", \"url\": \"https://api.github.com/repos/claytantor/gitpatron/issues/5\", \"labels_url\": \"https://api.github.com/repos/claytantor/gitpatron/issues/5/labels{/name}\", \"created_at\": \"2014-06-02T05:22:48Z\", \"events_url\": \"https://api.github.com/repos/claytantor/gitpatron/issues/5/events\", \"comments_url\": \"https://api.github.com/repos/claytantor/gitpatron/issues/5/comments\", \"html_url\": \"https://github.com/claytantor/gitpatron/issues/5\", \"comments\": 0, \"number\": 5, \"updated_at\": \"2014-06-02T05:23:18Z\", \"assignee\": {\"following_url\": \"https://api.github.com/users/claytantor/following{/other_user}\", \"events_url\": \"https://api.github.com/users/claytantor/events{/privacy}\", \"organizations_url\": \"https://api.github.com/users/claytantor/orgs\", \"url\": \"https://api.github.com/users/claytantor\", \"gists_url\": \"https://api.github.com/users/claytantor/gists{/gist_id}\", \"html_url\": \"https://github.com/claytantor\", \"subscriptions_url\": \"https://api.github.com/users/claytantor/subscriptions\", \"avatar_url\": \"https://avatars.githubusercontent.com/u/407854?\", \"repos_url\": \"https://api.github.com/users/claytantor/repos\", \"received_events_url\": \"https://api.github.com/users/claytantor/received_events\", \"gravatar_id\": \"c88d7ef134a9779657d7d63257b5f725\", \"starred_url\": \"https://api.github.com/users/claytantor/starred{/owner}{/repo}\", \"site_admin\": false, \"login\": \"claytantor\", \"type\": \"User\", \"id\": 407854, \"followers_url\": \"https://api.github.com/users/claytantor/followers\"}, \"state\": \"open\", \"user\": {\"following_url\": \"https://api.github.com/users/claytantor/following{/other_user}\", \"events_url\": \"https://api.github.com/users/claytantor/events{/privacy}\", \"organizations_url\": \"https://api.github.com/users/claytantor/orgs\", \"url\": \"https://api.github.com/users/claytantor\", \"gists_url\": \"https://api.github.com/users/claytantor/gists{/gist_id}\", \"html_url\": \"https://github.com/claytantor\", \"subscriptions_url\": \"https://api.github.com/users/claytantor/subscriptions\", \"avatar_url\": \"https://avatars.githubusercontent.com/u/407854?\", \"repos_url\": \"https://api.github.com/users/claytantor/repos\", \"received_events_url\": \"https://api.github.com/users/claytantor/received_events\", \"gravatar_id\": \"c88d7ef134a9779657d7d63257b5f725\", \"starred_url\": \"https://api.github.com/users/claytantor/starred{/owner}{/repo}\", \"site_admin\": false, \"login\": \"claytantor\", \"type\": \"User\", \"id\": 407854, \"followers_url\": \"https://api.github.com/users/claytantor/followers\"}, \"milestone\": {\"description\": null, \"title\": \"alpha\", \"url\": \"https://api.github.com/repos/claytantor/gitpatron/milestones/1\", \"labels_url\": \"https://api.github.com/repos/claytantor/gitpatron/milestones/1/labels\", \"created_at\": \"2014-05-26T21:46:18Z\", \"creator\": {\"following_url\": \"https://api.github.com/users/claytantor/following{/other_user}\", \"events_url\": \"https://api.github.com/users/claytantor/events{/privacy}\", \"organizations_url\": \"https://api.github.com/users/claytantor/orgs\", \"url\": \"https://api.github.com/users/claytantor\", \"gists_url\": \"https://api.github.com/users/claytantor/gists{/gist_id}\", \"html_url\": \"https://github.com/claytantor\", \"subscriptions_url\": \"https://api.github.com/users/claytantor/subscriptions\", \"avatar_url\": \"https://avatars.githubusercontent.com/u/407854?\", \"repos_url\": \"https://api.github.com/users/claytantor/repos\", \"received_events_url\": \"https://api.github.com/users/claytantor/received_events\", \"gravatar_id\": \"c88d7ef134a9779657d7d63257b5f725\", \"starred_url\": \"https://api.github.com/users/claytantor/starred{/owner}{/repo}\", \"site_admin\": false, \"login\": \"claytantor\", \"type\": \"User\", \"id\": 407854, \"followers_url\": \"https://api.github.com/users/claytantor/followers\"}, \"number\": 1, \"updated_at\": \"2014-06-02T06:05:19Z\", \"due_on\": null, \"state\": \"open\", \"closed_issues\": 1, \"open_issues\": 7, \"id\": 671251}, \"closed_at\": null, \"id\": 34746819}", "repository": 24, "github_html_url": "https://github.com/claytantor/gitpatron/issues/5", "github_api_url": "https://api.github.com/repos/claytantor/gitpatron/issues/5", "description": "https://coinbase.com/docs/merchant_tools/payment_buttons\r\n\r\nhttps://coinbase.com/api/doc/1.0/buttons/create.html\r\n\r\nbutton[callback_url] \r\noptional\t\r\nA custom callback URL specific to this button. It will receive the same information that would otherwise be sent to your Instant Payment Notification URL. If you have an Instant Payment Notification URL set on your account, this will be called instead \u2014 they will not both be called.\r\n\r\nValue: Must be String"}}, {"pk": 32, "model": "app.issue", "fields": {"github_id": 34735844, "github_issue_no": 4, "title": "Command To Process Callbacks", "json_body": "{\"body\": \"Create a command that will process callbacks. This is a first step to handling callbacks but will allow us to create fake callbacks in the DB and process those in dev. (Order callbacks dont work to localhost)\", \"labels\": [{\"url\": \"https://api.github.com/repos/claytantor/gitpatron/labels/enhancement\", \"color\": \"84b6eb\", \"name\": \"enhancement\"}], \"title\": \"Command To Process Callbacks\", \"url\": \"https://api.github.com/repos/claytantor/gitpatron/issues/4\", \"labels_url\": \"https://api.github.com/repos/claytantor/gitpatron/issues/4/labels{/name}\", \"created_at\": \"2014-06-01T20:16:02Z\", \"events_url\": \"https://api.github.com/repos/claytantor/gitpatron/issues/4/events\", \"comments_url\": \"https://api.github.com/repos/claytantor/gitpatron/issues/4/comments\", \"html_url\": \"https://github.com/claytantor/gitpatron/issues/4\", \"comments\": 0, \"number\": 4, \"updated_at\": \"2014-06-01T20:16:33Z\", \"assignee\": {\"following_url\": \"https://api.github.com/users/claytantor/following{/other_user}\", \"events_url\": \"https://api.github.com/users/claytantor/events{/privacy}\", \"organizations_url\": \"https://api.github.com/users/claytantor/orgs\", \"url\": \"https://api.github.com/users/claytantor\", \"gists_url\": \"https://api.github.com/users/claytantor/gists{/gist_id}\", \"html_url\": \"https://github.com/claytantor\", \"subscriptions_url\": \"https://api.github.com/users/claytantor/subscriptions\", \"avatar_url\": \"https://avatars.githubusercontent.com/u/407854?\", \"repos_url\": \"https://api.github.com/users/claytantor/repos\", \"received_events_url\": \"https://api.github.com/users/claytantor/received_events\", \"gravatar_id\": \"c88d7ef134a9779657d7d63257b5f725\", \"starred_url\": \"https://api.github.com/users/claytantor/starred{/owner}{/repo}\", \"site_admin\": false, \"login\": \"claytantor\", \"type\": \"User\", \"id\": 407854, \"followers_url\": \"https://api.github.com/users/claytantor/followers\"}, \"state\": \"open\", \"user\": {\"following_url\": \"https://api.github.com/users/claytantor/following{/other_user}\", \"events_url\": \"https://api.github.com/users/claytantor/events{/privacy}\", \"organizations_url\": \"https://api.github.com/users/claytantor/orgs\", \"url\": \"https://api.github.com/users/claytantor\", \"gists_url\": \"https://api.github.com/users/claytantor/gists{/gist_id}\", \"html_url\": \"https://github.com/claytantor\", \"subscriptions_url\": \"https://api.github.com/users/claytantor/subscriptions\", \"avatar_url\": \"https://avatars.githubusercontent.com/u/407854?\", \"repos_url\": \"https://api.github.com/users/claytantor/repos\", \"received_events_url\": \"https://api.github.com/users/claytantor/received_events\", \"gravatar_id\": \"c88d7ef134a9779657d7d63257b5f725\", \"starred_url\": \"https://api.github.com/users/claytantor/starred{/owner}{/repo}\", \"site_admin\": false, \"login\": \"claytantor\", \"type\": \"User\", \"id\": 407854, \"followers_url\": \"https://api.github.com/users/claytantor/followers\"}, \"milestone\": {\"description\": null, \"title\": \"alpha\", \"url\": \"https://api.github.com/repos/claytantor/gitpatron/milestones/1\", \"labels_url\": \"https://api.github.com/repos/claytantor/gitpatron/milestones/1/labels\", \"created_at\": \"2014-05-26T21:46:18Z\", \"creator\": {\"following_url\": \"https://api.github.com/users/claytantor/following{/other_user}\", \"events_url\": \"https://api.github.com/users/claytantor/events{/privacy}\", \"organizations_url\": \"https://api.github.com/users/claytantor/orgs\", \"url\": \"https://api.github.com/users/claytantor\", \"gists_url\": \"https://api.github.com/users/claytantor/gists{/gist_id}\", \"html_url\": \"https://github.com/claytantor\", \"subscriptions_url\": \"https://api.github.com/users/claytantor/subscriptions\", \"avatar_url\": \"https://avatars.githubusercontent.com/u/407854?\", \"repos_url\": \"https://api.github.com/users/claytantor/repos\", \"received_events_url\": \"https://api.github.com/users/claytantor/received_events\", \"gravatar_id\": \"c88d7ef134a9779657d7d63257b5f725\", \"starred_url\": \"https://api.github.com/users/claytantor/starred{/owner}{/repo}\", \"site_admin\": false, \"login\": \"claytantor\", \"type\": \"User\", \"id\": 407854, \"followers_url\": \"https://api.github.com/users/claytantor/followers\"}, \"number\": 1, \"updated_at\": \"2014-06-02T06:05:19Z\", \"due_on\": null, \"state\": \"open\", \"closed_issues\": 1, \"open_issues\": 7, \"id\": 671251}, \"closed_at\": null, \"id\": 34735844}", "repository": 24, "github_html_url": "https://github.com/claytantor/gitpatron/issues/4", "github_api_url": "https://api.github.com/repos/claytantor/gitpatron/issues/4", "description": "Create a command that will process callbacks. This is a first step to handling callbacks but will allow us to create fake callbacks in the DB and process those in dev. (Order callbacks dont work to localhost)"}}, {"pk": 33, "model": "app.issue", "fields": {"github_id": 34330852, "github_issue_no": 2, "title": "Refresh tokens for coinbase", "json_body": "{\"body\": \"Tokens are expiring forcing the user to disable the entire coinbase application and start over to get the new token. What should happen is the refresh token should be used to update the auth token required for the button to be generated.\", \"labels\": [{\"url\": \"https://api.github.com/repos/claytantor/gitpatron/labels/enhancement\", \"color\": \"84b6eb\", \"name\": \"enhancement\"}], \"title\": \"Refresh tokens for coinbase\", \"url\": \"https://api.github.com/repos/claytantor/gitpatron/issues/2\", \"labels_url\": \"https://api.github.com/repos/claytantor/gitpatron/issues/2/labels{/name}\", \"created_at\": \"2014-05-26T21:45:48Z\", \"events_url\": \"https://api.github.com/repos/claytantor/gitpatron/issues/2/events\", \"comments_url\": \"https://api.github.com/repos/claytantor/gitpatron/issues/2/comments\", \"html_url\": \"https://github.com/claytantor/gitpatron/issues/2\", \"comments\": 1, \"number\": 2, \"updated_at\": \"2014-06-02T06:05:19Z\", \"assignee\": {\"following_url\": \"https://api.github.com/users/claytantor/following{/other_user}\", \"events_url\": \"https://api.github.com/users/claytantor/events{/privacy}\", \"organizations_url\": \"https://api.github.com/users/claytantor/orgs\", \"url\": \"https://api.github.com/users/claytantor\", \"gists_url\": \"https://api.github.com/users/claytantor/gists{/gist_id}\", \"html_url\": \"https://github.com/claytantor\", \"subscriptions_url\": \"https://api.github.com/users/claytantor/subscriptions\", \"avatar_url\": \"https://avatars.githubusercontent.com/u/407854?\", \"repos_url\": \"https://api.github.com/users/claytantor/repos\", \"received_events_url\": \"https://api.github.com/users/claytantor/received_events\", \"gravatar_id\": \"c88d7ef134a9779657d7d63257b5f725\", \"starred_url\": \"https://api.github.com/users/claytantor/starred{/owner}{/repo}\", \"site_admin\": false, \"login\": \"claytantor\", \"type\": \"User\", \"id\": 407854, \"followers_url\": \"https://api.github.com/users/claytantor/followers\"}, \"state\": \"open\", \"user\": {\"following_url\": \"https://api.github.com/users/claytantor/following{/other_user}\", \"events_url\": \"https://api.github.com/users/claytantor/events{/privacy}\", \"organizations_url\": \"https://api.github.com/users/claytantor/orgs\", \"url\": \"https://api.github.com/users/claytantor\", \"gists_url\": \"https://api.github.com/users/claytantor/gists{/gist_id}\", \"html_url\": \"https://github.com/claytantor\", \"subscriptions_url\": \"https://api.github.com/users/claytantor/subscriptions\", \"avatar_url\": \"https://avatars.githubusercontent.com/u/407854?\", \"repos_url\": \"https://api.github.com/users/claytantor/repos\", \"received_events_url\": \"https://api.github.com/users/claytantor/received_events\", \"gravatar_id\": \"c88d7ef134a9779657d7d63257b5f725\", \"starred_url\": \"https://api.github.com/users/claytantor/starred{/owner}{/repo}\", \"site_admin\": false, \"login\": \"claytantor\", \"type\": \"User\", \"id\": 407854, \"followers_url\": \"https://api.github.com/users/claytantor/followers\"}, \"milestone\": null, \"closed_at\": null, \"id\": 34330852}", "repository": 24, "github_html_url": "https://github.com/claytantor/gitpatron/issues/2", "github_api_url": "https://api.github.com/repos/claytantor/gitpatron/issues/2", "description": "Tokens are expiring forcing the user to disable the entire coinbase application and start over to get the new token. What should happen is the refresh token should be used to update the auth token required for the button to be generated."}}, {"pk": 34, "model": "app.issue", "fields": {"github_id": 33950258, "github_issue_no": 1, "title": "All important fields transformed to published repo.", "json_body": "{\"body\": \"Many of the important fields that could make the integration more helpful are missing. Examples:\\r\\n\\r\\navatar_url\\r\\ngravatar id\\r\\netc.\\r\\n\", \"labels\": [{\"url\": \"https://api.github.com/repos/claytantor/gitpatron/labels/enhancement\", \"color\": \"84b6eb\", \"name\": \"enhancement\"}], \"title\": \"All important fields transformed to published repo.\", \"url\": \"https://api.github.com/repos/claytantor/gitpatron/issues/1\", \"labels_url\": \"https://api.github.com/repos/claytantor/gitpatron/issues/1/labels{/name}\", \"created_at\": \"2014-05-21T04:17:42Z\", \"events_url\": \"https://api.github.com/repos/claytantor/gitpatron/issues/1/events\", \"comments_url\": \"https://api.github.com/repos/claytantor/gitpatron/issues/1/comments\", \"html_url\": \"https://github.com/claytantor/gitpatron/issues/1\", \"comments\": 0, \"number\": 1, \"updated_at\": \"2014-06-01T20:18:56Z\", \"assignee\": {\"following_url\": \"https://api.github.com/users/claytantor/following{/other_user}\", \"events_url\": \"https://api.github.com/users/claytantor/events{/privacy}\", \"organizations_url\": \"https://api.github.com/users/claytantor/orgs\", \"url\": \"https://api.github.com/users/claytantor\", \"gists_url\": \"https://api.github.com/users/claytantor/gists{/gist_id}\", \"html_url\": \"https://github.com/claytantor\", \"subscriptions_url\": \"https://api.github.com/users/claytantor/subscriptions\", \"avatar_url\": \"https://avatars.githubusercontent.com/u/407854?\", \"repos_url\": \"https://api.github.com/users/claytantor/repos\", \"received_events_url\": \"https://api.github.com/users/claytantor/received_events\", \"gravatar_id\": \"c88d7ef134a9779657d7d63257b5f725\", \"starred_url\": \"https://api.github.com/users/claytantor/starred{/owner}{/repo}\", \"site_admin\": false, \"login\": \"claytantor\", \"type\": \"User\", \"id\": 407854, \"followers_url\": \"https://api.github.com/users/claytantor/followers\"}, \"state\": \"open\", \"user\": {\"following_url\": \"https://api.github.com/users/claytantor/following{/other_user}\", \"events_url\": \"https://api.github.com/users/claytantor/events{/privacy}\", \"organizations_url\": \"https://api.github.com/users/claytantor/orgs\", \"url\": \"https://api.github.com/users/claytantor\", \"gists_url\": \"https://api.github.com/users/claytantor/gists{/gist_id}\", \"html_url\": \"https://github.com/claytantor\", \"subscriptions_url\": \"https://api.github.com/users/claytantor/subscriptions\", \"avatar_url\": \"https://avatars.githubusercontent.com/u/407854?\", \"repos_url\": \"https://api.github.com/users/claytantor/repos\", \"received_events_url\": \"https://api.github.com/users/claytantor/received_events\", \"gravatar_id\": \"c88d7ef134a9779657d7d63257b5f725\", \"starred_url\": \"https://api.github.com/users/claytantor/starred{/owner}{/repo}\", \"site_admin\": false, \"login\": \"claytantor\", \"type\": \"User\", \"id\": 407854, \"followers_url\": \"https://api.github.com/users/claytantor/followers\"}, \"milestone\": {\"description\": null, \"title\": \"alpha\", \"url\": \"https://api.github.com/repos/claytantor/gitpatron/milestones/1\", \"labels_url\": \"https://api.github.com/repos/claytantor/gitpatron/milestones/1/labels\", \"created_at\": \"2014-05-26T21:46:18Z\", \"creator\": {\"following_url\": \"https://api.github.com/users/claytantor/following{/other_user}\", \"events_url\": \"https://api.github.com/users/claytantor/events{/privacy}\", \"organizations_url\": \"https://api.github.com/users/claytantor/orgs\", \"url\": \"https://api.github.com/users/claytantor\", \"gists_url\": \"https://api.github.com/users/claytantor/gists{/gist_id}\", \"html_url\": \"https://github.com/claytantor\", \"subscriptions_url\": \"https://api.github.com/users/claytantor/subscriptions\", \"avatar_url\": \"https://avatars.githubusercontent.com/u/407854?\", \"repos_url\": \"https://api.github.com/users/claytantor/repos\", \"received_events_url\": \"https://api.github.com/users/claytantor/received_events\", \"gravatar_id\": \"c88d7ef134a9779657d7d63257b5f725\", \"starred_url\": \"https://api.github.com/users/claytantor/starred{/owner}{/repo}\", \"site_admin\": false, \"login\": \"claytantor\", \"type\": \"User\", \"id\": 407854, \"followers_url\": \"https://api.github.com/users/claytantor/followers\"}, \"number\": 1, \"updated_at\": \"2014-06-02T06:05:19Z\", \"due_on\": null, \"state\": \"open\", \"closed_issues\": 1, \"open_issues\": 7, \"id\": 671251}, \"closed_at\": null, \"id\": 33950258}", "repository": 24, "github_html_url": "https://github.com/claytantor/gitpatron/issues/1", "github_api_url": "https://api.github.com/repos/claytantor/gitpatron/issues/1", "description": "Many of the important fields that could make the integration more helpful are missing. Examples:\r\n\r\navatar_url\r\ngravatar id\r\netc.\r\n"}}, {"pk": 35, "model": "app.issue", "fields": {"github_id": 35353274, "github_issue_no": 8, "title": "Better photos", "json_body": "{\"body\": \"Get some photogs tha look better\", \"labels\": [], \"title\": \"Better photos\", \"url\": \"https://api.github.com/repos/claytantor/grailo/issues/8\", \"labels_url\": \"https://api.github.com/repos/claytantor/grailo/issues/8/labels{/name}\", \"created_at\": \"2014-06-10T06:02:43Z\", \"events_url\": \"https://api.github.com/repos/claytantor/grailo/issues/8/events\", \"comments_url\": \"https://api.github.com/repos/claytantor/grailo/issues/8/comments\", \"html_url\": \"https://github.com/claytantor/grailo/issues/8\", \"comments\": 0, \"number\": 8, \"updated_at\": \"2014-06-10T06:02:43Z\", \"assignee\": null, \"state\": \"open\", \"user\": {\"following_url\": \"https://api.github.com/users/claytantor/following{/other_user}\", \"events_url\": \"https://api.github.com/users/claytantor/events{/privacy}\", \"organizations_url\": \"https://api.github.com/users/claytantor/orgs\", \"url\": \"https://api.github.com/users/claytantor\", \"gists_url\": \"https://api.github.com/users/claytantor/gists{/gist_id}\", \"html_url\": \"https://github.com/claytantor\", \"subscriptions_url\": \"https://api.github.com/users/claytantor/subscriptions\", \"avatar_url\": \"https://avatars.githubusercontent.com/u/407854?\", \"repos_url\": \"https://api.github.com/users/claytantor/repos\", \"received_events_url\": \"https://api.github.com/users/claytantor/received_events\", \"gravatar_id\": \"c88d7ef134a9779657d7d63257b5f725\", \"starred_url\": \"https://api.github.com/users/claytantor/starred{/owner}{/repo}\", \"site_admin\": false, \"login\": \"claytantor\", \"type\": \"User\", \"id\": 407854, \"followers_url\": \"https://api.github.com/users/claytantor/followers\"}, \"milestone\": null, \"closed_at\": null, \"id\": 35353274}", "repository": 11, "github_html_url": "https://github.com/claytantor/grailo/issues/8", "github_api_url": "https://api.github.com/repos/claytantor/grailo/issues/8", "description": ""}}, {"pk": 1, "model": "app.callbackmessage", "fields": {"owner": 1, "processed_at": "2014-06-02T04:27:20.979Z", "created_at": "2014-06-02T04:27:20.982Z", "message": "{\"order\":{\"id\":\"67FUOTZY\",\"created_at\":\"2014-05-26T20:35:47-07:00\",\"status\":\"completed\",\"event\":{\"type\":\"completed\"},\"total_btc\":{\"cents\":170200,\"currency_iso\":\"BTC\"},\"total_native\":{\"cents\":100,\"currency_iso\":\"USD\"},\"total_payout\":{\"cents\":0,\"currency_iso\":\"USD\"},\"custom\":\"https://api.github.com/repos/claytantor/grailo/issues/1\",\"receive_address\":\"1JeduwWzd8fxQBaJ4umKdmttgXnJ6UpPtB\",\"button\":{\"type\":\"buy_now\",\"name\":\"8656458 Async all client side decryption.\",\"description\":\"Async all client side decryption.\",\"id\":\"b5fd276200a4ff63d01fe5271c715eb9\"},\"refund_address\":\"1LDRmekErfo7VtDyP22W1z5bR5vQR6avY3\",\"transaction\":{\"id\":\"5384082423761e82f9000008\",\"hash\":null,\"confirmations\":0}}}", "is_processed": true}}, {"pk": 4, "model": "app.callbackmessage", "fields": {"owner": 1, "processed_at": "2014-06-02T04:27:20.986Z", "created_at": "2014-06-02T04:27:20.987Z", "message": "{\r\n    \"order\": {\r\n        \"id\": \"67FUOTZY\",\r\n        \"created_at\": \"2014-05-26T20:35:47-07:00\",\r\n        \"status\": \"completed\",\r\n        \"event\": {\r\n            \"type\": \"completed\"\r\n        },\r\n        \"total_btc\": {\r\n            \"cents\": 170200,\r\n            \"currency_iso\": \"BTC\"\r\n        },\r\n        \"total_native\": {\r\n            \"cents\": 100,\r\n            \"currency_iso\": \"USD\"\r\n        },\r\n        \"total_payout\": {\r\n            \"cents\": 0,\r\n            \"currency_iso\": \"USD\"\r\n        },\r\n        \"custom\": \"https://api.github.com/repos/claytantor/grailo/issues/1\",\r\n        \"receive_address\": \"1JeduwWzd8fxQBaJ4umKdmttgXnJ6UpPtB\",\r\n        \"button\": {\r\n            \"type\": \"buy_now\",\r\n            \"name\": \"34044935 Android Mobile Version\",\r\n            \"description\": \"Android Mobile Version\",\r\n            \"id\": \"b5fd276200a4ff63d01fe5271c715eb9\"\r\n        },\r\n        \"refund_address\": \"1LDRmekErfo7VtDyP22W1z5bR5vQR6avY3\",\r\n        \"transaction\": {\r\n            \"id\": \"5384082423761e82f9000008\",\r\n            \"hash\": null,\r\n            \"confirmations\": 0\r\n        }\r\n    }\r\n}", "is_processed": true}}, {"pk": 6, "model": "app.coinorder", "fields": {"status": "completed", "refund_address": "1K4VKoVEEzZ9LDiFfEGSqT2BC5PfwKwz36", "button": 16, "total_coin_currency_iso": "BTC", "total_coin_cents": 152200, "receive_address": "1ND8B6u3XxWJQA98MrkMAo668LBnfXja64", "external_id": "ACIUYW7I"}}, {"pk": 7, "model": "app.coinorder", "fields": {"status": "completed", "refund_address": "1K4VKoVEEzZ9LDiFfEGSqT2BC5PfwKwz36", "button": 17, "total_coin_currency_iso": "BTC", "total_coin_cents": 152200, "receive_address": "1ND8B6u3XxWJQA98MrkMAo668LBnfXja64", "external_id": "BCIUYW7I"}}, {"pk": 15, "model": "app.coinbasebutton", "fields": {"code": "79a96a83b760bf51af3950e0a69cd9ad", "total_coin_currency_iso": null, "external_id": "https://api.github.com/repos/clayroots/patrontest1/issues/1", "button_guid": "67c879f0-ef90-11e3-9813-e4ce8f500036", "button_response": "{\"access_token\": \"ec40339166a5cd1fc949b7c8245d4ad5780c009da45482cd9a14e2822d3c9efa\", \"button\": {\"choose_price\": true, \"style\": \"donation_small\", \"code\": \"79a96a83b760bf51af3950e0a69cd9ad\", \"name\": \"34144611 Improve readme\", \"info_url\": null, \"text\": \"Pay With Bitcoin\", \"price\": {\"cents\": 1000, \"currency_iso\": \"USD\"}, \"include_email\": false, \"custom\": \"67c879f0-ef90-11e3-9813-e4ce8f500036\", \"cancel_url\": null, \"success_url\": null, \"variable_price\": false, \"include_address\": false, \"callback_url\": \"http://local.gitpatron.com:8000/cbcallback/clayroots/?secret=M6RXX9KDFP\", \"type\": \"buy_now\", \"auto_redirect\": false, \"description\": \"Improve readme\"}, \"error_code\": null, \"refresh_token\": \"946ad59ae0bb3a5442cb9448708545a28dffa353e2fbe2391d6ce9964482d143\", \"success\": true}", "total_coin_cents": 0, "type": "patronage", "owner": 2, "callback_url": "http://local.gitpatron.com:8000/cbcallback/clayroots/?secret=M6RXX9KDFP", "issue": 25}}, {"pk": 16, "model": "app.coinbasebutton", "fields": {"code": "9353a1d4a1ed1d2ea0603971f9f5d57a", "total_coin_currency_iso": null, "external_id": "https://api.github.com/repos/claytantor/grailo/issues/6", "button_guid": "cd114007-ef90-11e3-a306-e4ce8f500036", "button_response": "{\"access_token\": \"3afb4d155c5de21ec8713ea9efd1608f66831aec255c1fab4ca7884ec01fc740\", \"button\": {\"choose_price\": true, \"style\": \"donation_small\", \"code\": \"9353a1d4a1ed1d2ea0603971f9f5d57a\", \"name\": \"32325428 Enable responsive templates\", \"info_url\": null, \"text\": \"Pay With Bitcoin\", \"price\": {\"cents\": 1000, \"currency_iso\": \"USD\"}, \"include_email\": false, \"custom\": \"cd114007-ef90-11e3-a306-e4ce8f500036\", \"cancel_url\": null, \"success_url\": null, \"variable_price\": false, \"include_address\": false, \"callback_url\": \"http://local.gitpatron.com:8000/cbcallback/claytantor/?secret=C1FAZLW6KU\", \"type\": \"buy_now\", \"auto_redirect\": false, \"description\": \"Enable responsive templates\"}, \"error_code\": null, \"refresh_token\": \"dd0929cfe099ac32bfac54a122f960e66688cdbeaad38561c19f5606a5d180e9\", \"success\": true}", "total_coin_cents": 0, "type": "patronage", "owner": 1, "callback_url": "http://local.gitpatron.com:8000/cbcallback/claytantor/?secret=C1FAZLW6KU", "issue": 23}}, {"pk": 17, "model": "app.coinbasebutton", "fields": {"code": "a3c9246e88f10b8566db35505e2b6072", "total_coin_currency_iso": null, "external_id": "https://api.github.com/repos/claytantor/grailo/issues/6", "button_guid": "e2a46705-ef90-11e3-a20b-e4ce8f500036", "button_response": "{\"access_token\": \"072b1f822db8a2a60bc5c214e0a6b7c3de4774bb5e11da6c5aa4d5e7fe085e4c\", \"button\": {\"choose_price\": false, \"style\": \"donation_small\", \"code\": \"a3c9246e88f10b8566db35505e2b6072\", \"name\": \"Fix for 32325428 Enable responsive templates\", \"info_url\": null, \"text\": \"Pay With Bitcoin\", \"price\": {\"cents\": 100, \"currency_iso\": \"USD\"}, \"include_email\": false, \"custom\": \"e2a46705-ef90-11e3-a20b-e4ce8f500036\", \"cancel_url\": null, \"success_url\": null, \"variable_price\": false, \"include_address\": false, \"callback_url\": \"http://local.gitpatron.com:8000/cbcallback/clayroots/?secret=M6RXX9KDFP\", \"type\": \"buy_now\", \"auto_redirect\": false, \"description\": \"Fix for Enable responsive templates\"}, \"error_code\": null, \"refresh_token\": \"4079d3f6aa79baa3d37f0856ce6610905b96422ea4f89a07797d572a5a291bc8\", \"success\": true}", "total_coin_cents": 0, "type": "fix", "owner": 2, "callback_url": "http://local.gitpatron.com:8000/cbcallback/clayroots/?secret=M6RXX9KDFP", "issue": 23}}, {"pk": 18, "model": "app.coinbasebutton", "fields": {"code": "83d63f3fc178f8fdc9b26cf7e973d48c", "total_coin_currency_iso": null, "external_id": "https://api.github.com/repos/clayroots/patrontest1/issues/2", "button_guid": "1b63b2bd-f03a-11e3-8796-e4ce8f500036", "button_response": "{\"access_token\": \"b8d7e38c6daadf377bba7bde9a515768d555e96295807412d1db1a6e1f8892e6\", \"button\": {\"choose_price\": true, \"style\": \"donation_small\", \"code\": \"83d63f3fc178f8fdc9b26cf7e973d48c\", \"name\": \"34144749 Actually write some code\", \"info_url\": null, \"text\": \"Pay With Bitcoin\", \"price\": {\"cents\": 1000, \"currency_iso\": \"USD\"}, \"include_email\": false, \"custom\": \"1b63b2bd-f03a-11e3-8796-e4ce8f500036\", \"cancel_url\": null, \"success_url\": null, \"variable_price\": false, \"include_address\": false, \"callback_url\": \"http://local.gitpatron.com:8000/cbcallback/clayroots/?secret=M6RXX9KDFP\", \"type\": \"buy_now\", \"auto_redirect\": false, \"description\": \"Actually write some code\"}, \"error_code\": null, \"refresh_token\": \"cd7dbd14780e8b0897f1112bea78c4e7111f537dc2c3de7a50d8fd2dae9e2018\", \"success\": true}", "total_coin_cents": 0, "type": "patronage", "owner": 2, "callback_url": "http://local.gitpatron.com:8000/cbcallback/clayroots/?secret=M6RXX9KDFP", "issue": 26}}, {"pk": 19, "model": "app.coinbasebutton", "fields": {"code": "9f3147b7a253c1bb30269621cf2769dc", "total_coin_currency_iso": null, "external_id": "https://api.github.com/repos/claytantor/grailo/issues/1", "button_guid": "16b36da1-f03e-11e3-bd86-e4ce8f500036", "button_response": "{\"access_token\": \"1b6cb18ff88743b8ecc684a988d6d779584e2b22d63112c4df044a36642813be\", \"button\": {\"choose_price\": true, \"style\": \"donation_small\", \"code\": \"9f3147b7a253c1bb30269621cf2769dc\", \"name\": \"8656458 Async all client side decryption.\", \"info_url\": null, \"text\": \"Pay With Bitcoin\", \"price\": {\"cents\": 1000, \"currency_iso\": \"USD\"}, \"include_email\": false, \"custom\": \"16b36da1-f03e-11e3-bd86-e4ce8f500036\", \"cancel_url\": null, \"success_url\": null, \"variable_price\": false, \"include_address\": false, \"callback_url\": \"http://local.gitpatron.com:8000/cbcallback/claytantor/?secret=C1FAZLW6KU\", \"type\": \"buy_now\", \"auto_redirect\": false, \"description\": \"Async all client side decryption.\"}, \"error_code\": null, \"refresh_token\": \"a1cb91fce22f729ea2d55b5b9fc2ead33356b6e9aef48501ebaae44eda11d16b\", \"success\": true}", "total_coin_cents": 0, "type": "patronage", "owner": 1, "callback_url": "http://local.gitpatron.com:8000/cbcallback/claytantor/?secret=C1FAZLW6KU", "issue": 22}}, {"pk": 20, "model": "app.coinbasebutton", "fields": {"code": "ac39a7c459b48f7fc6459059e0fdce93", "total_coin_currency_iso": null, "external_id": "https://api.github.com/repos/claytantor/grailo/issues/4", "button_guid": "323a1aee-f04e-11e3-95dd-e4ce8f500036", "button_response": "{\"access_token\": \"c8eba21c71dbf2ba8221f9f4aa1939aac795268bb49acec5d9ffb69aa5ce24cf\", \"button\": {\"choose_price\": true, \"style\": \"donation_small\", \"code\": \"ac39a7c459b48f7fc6459059e0fdce93\", \"name\": \"8657138 Message length check\", \"info_url\": null, \"text\": \"Pay With Bitcoin\", \"price\": {\"cents\": 1000, \"currency_iso\": \"USD\"}, \"include_email\": false, \"custom\": \"323a1aee-f04e-11e3-95dd-e4ce8f500036\", \"cancel_url\": null, \"success_url\": null, \"variable_price\": false, \"include_address\": false, \"callback_url\": \"http://local.gitpatron.com:8000/cbcallback/claytantor/?secret=C1FAZLW6KU\", \"type\": \"buy_now\", \"auto_redirect\": false, \"description\": \"Message length check\"}, \"error_code\": null, \"refresh_token\": \"a4af836160ff3f3935047c4f81600153de230dd3223b05c2118940dd943aec24\", \"success\": true}", "total_coin_cents": 0, "type": "patronage", "owner": 1, "callback_url": "http://local.gitpatron.com:8000/cbcallback/claytantor/?secret=C1FAZLW6KU", "issue": 21}}, {"pk": 21, "model": "app.coinbasebutton", "fields": {"code": "f54bbe69e722f19529e6dc0bcf19b124", "total_coin_currency_iso": null, "external_id": "https://api.github.com/repos/claytantor/grailo/issues/7", "button_guid": "5800e72e-f064-11e3-a5ac-e4ce8f500036", "button_response": "{\"access_token\": \"1da6192f256ce8e52a30a1e6a43e8773913c60ea4f72a0fc75295c81eaaa6678\", \"button\": {\"choose_price\": true, \"style\": \"donation_small\", \"code\": \"f54bbe69e722f19529e6dc0bcf19b124\", \"name\": \"34044935 Android Mobile Version\", \"info_url\": null, \"text\": \"Pay With Bitcoin\", \"price\": {\"cents\": 1000, \"currency_iso\": \"USD\"}, \"include_email\": false, \"custom\": \"5800e72e-f064-11e3-a5ac-e4ce8f500036\", \"cancel_url\": null, \"success_url\": null, \"variable_price\": false, \"include_address\": false, \"callback_url\": \"http://local.gitpatron.com:8000/cbcallback/claytantor/?secret=C1FAZLW6KU\", \"type\": \"buy_now\", \"auto_redirect\": false, \"description\": \"Android Mobile Version\"}, \"error_code\": null, \"refresh_token\": \"d540e993305eef311c716f76d9c734fa03e92a54f4415040184d5c98a6af6635\", \"success\": true}", "total_coin_cents": 0, "type": "patronage", "owner": 1, "callback_url": "http://local.gitpatron.com:8000/cbcallback/claytantor/?secret=C1FAZLW6KU", "issue": 24}}, {"pk": 22, "model": "app.coinbasebutton", "fields": {"code": "063295d806f3a7bfdb77bcc049612191", "total_coin_currency_iso": null, "external_id": "https://api.github.com/repos/claytantor/grailo/issues/8", "button_guid": "e9de45d9-f064-11e3-b659-e4ce8f500036", "button_response": "{\"access_token\": \"bf11e6495e6f91c33ae69f27377765fc60bb4ac592f469fc0c3a639bbc3888f2\", \"button\": {\"choose_price\": true, \"style\": \"donation_small\", \"code\": \"063295d806f3a7bfdb77bcc049612191\", \"name\": \"35353274 Better photos\", \"info_url\": null, \"text\": \"Pay With Bitcoin\", \"price\": {\"cents\": 1000, \"currency_iso\": \"USD\"}, \"include_email\": false, \"custom\": \"e9de45d9-f064-11e3-b659-e4ce8f500036\", \"cancel_url\": null, \"success_url\": null, \"variable_price\": false, \"include_address\": false, \"callback_url\": \"http://local.gitpatron.com:8000/cbcallback/claytantor/?secret=C1FAZLW6KU\", \"type\": \"buy_now\", \"auto_redirect\": false, \"description\": \"Better photos\"}, \"error_code\": null, \"refresh_token\": \"81bdf5d1b981e66fbd194ef4dbf1cf41b3c646da3b699d31fa8b0e8b0a9af84d\", \"success\": true}", "total_coin_cents": 0, "type": "patronage", "owner": 1, "callback_url": "http://local.gitpatron.com:8000/cbcallback/claytantor/?secret=C1FAZLW6KU", "issue": 35}}, {"pk": 24, "model": "app.coinbasebutton", "fields": {"code": "8f117fe7028bb9b0e9200693f73b446e", "total_coin_currency_iso": "BTC", "external_id": "https://api.github.com/repos/clayroots/patrontest1/issues/1", "button_guid": "3ccefb80-f3ef-11e3-bb51-e4ce8f500036", "button_response": "{\"access_token\": \"bcf0fddbef9c39e34ff37747391d73f16868b460001d05c8b303ae5e0a24d78a\", \"button\": {\"choose_price\": false, \"style\": \"donation_small\", \"code\": \"8f117fe7028bb9b0e9200693f73b446e\", \"name\": \"Fix for 34144611 Improve readme\", \"info_url\": null, \"text\": \"Pay With Bitcoin\", \"price\": {\"cents\": 100, \"currency_iso\": \"USD\"}, \"include_email\": false, \"custom\": \"3ccefb80-f3ef-11e3-bb51-e4ce8f500036\", \"cancel_url\": null, \"success_url\": null, \"variable_price\": false, \"include_address\": false, \"callback_url\": \"http://local.gitpatron.com:8000/cbcallback/claytantor/?secret=C1FAZLW6KU\", \"type\": \"buy_now\", \"auto_redirect\": false, \"description\": \"Fix for Improve readme\"}, \"error_code\": null, \"refresh_token\": \"eae9cdd14c6942c3956ade4f2aec1236313dbffa3f213503ba2874820bac86d9\", \"success\": true}", "total_coin_cents": 152200, "type": "fix", "owner": 1, "callback_url": "http://local.gitpatron.com:8000/cbcallback/claytantor/?secret=C1FAZLW6KU", "issue": 25}}, {"pk": 5, "model": "app.claimedissue", "fields": {"committer": 2, "github_commit_id": null, "button": 17, "committer_type": null, "fixed": true, "issue": 23}}, {"pk": 8, "model": "app.claimedissue", "fields": {"committer": 2, "github_commit_id": null, "button": null, "committer_type": null, "fixed": false, "issue": 24}}, {"pk": 11, "model": "app.claimedissue", "fields": {"committer": 2, "github_commit_id": null, "button": null, "committer_type": null, "fixed": false, "issue": 35}}, {"pk": 12, "model": "app.claimedissue", "fields": {"committer": 2, "github_commit_id": null, "button": null, "committer_type": null, "fixed": false, "issue": 21}}, {"pk": 13, "model": "app.claimedissue", "fields": {"committer": 1, "github_commit_id": "ceb475a7a79a6b941f3b335a5e70c402ef516015", "button": 24, "committer_type": "pullrequest", "fixed": false, "issue": 25}}]